연번,시군,지정구분,기업명,대표자,소  재  지,주생산품,전화번호(061),"비고
(지정번호)"
1,목포시,기술유망,브로드컴㈜,이봉헌,목포시 석현동 1175(벤처지원 202),정보통신,284-0017,11-1
2,목포시,기술유망,㈜케이에스,김시오,목포시 연산동1236-3,용접철망외,1588-4118,11-2
3,목포시,기술유망,삼진물산(주),김관석,목포시 연산동 1239-1,참치통조림,270-6113,11-3
4,목포시,기술유망,㈜혜성,전재두,목포시 연산동1237-3,가드레일외,1588-2811,11-4
5,목포시,기술유망,(유)한국메이드,이승룡,목포시 연산동 1238-4,선박블록,278-4411,11-5
6,목포시,수출유망,환길산업,박승남,목포시 산정동 1780-1,해초류,272-7147,11-6
7,목포시,수출유망,㈜세광조선,유재억,목포시 연산동 1255,강선건조,277-6111,11-7
8,목포시,수출유망,선일물산,김태한,목포시 연산동 1236-11,조미김,273-6750,11-8
9,목포시,기술유망,(유)메이드거금,이승룡,목포시 연산동 1291(삽진산단),절  단,277-4418,11-9
10,목포시,기술유망,맘키드크래프트,김명효,목포시 석현동 1175(문화지원 302),도자관광상품,287-1155,11-10
11,목포시,기술유망,(유)신안산업개발,문용희,목포시 연산동 1237-10 ,"수문,권양기종",245-5524,11-11
12,목포시,기술유망,(주)젠트정보기술,김광진,목포시 석현동 1175(벤처지원 105),소프트웨어,284-0045,11-12
13,목포시,기술유망,에스엠소프트웨어㈜,박영임,목포시 석현동 1175(벤처지원 204),태양광솔루션,285-3411,11-13
14,목포시,수출유망,㈜맥스코리아,추봉식,목포시 연산동 1247-2,광고물부착방지물,272-5164,11-14
15,목포시,기술유망,(유)한국엔지니어링,김삼성,목포시 연산동 1294(삽진산단),선박엔진부품외,278-6777,11-15
16,목포시,수출유망,㈜대창식품,정현택,목포시 연산동 1236-15,맛김,278-4426,11-16
17,목포시,기술유망,뉴21커뮤니티㈜,박선민,목포시 석현동 1175(문화지원센터 101),"홈페이지용역, 특산품판매(G-market등)",1644-9501,12-1
18,목포시,지역특화,㈜마스타마린조선,이경준,목포시 연산동 1280,보트,273-5778,12-53
19,목포시,기술유망,삼성마리너,김치형,목포시 연산동 1280-9(삽진산단),유압양망기,279-4900,13-1
20,목포시,기술유망,(주)휴먼아이티솔루션,최봉두,목포시 석현동 1175(벤처지원센터),컴퓨터 프로그래밍,287-6633,13-2
21,여수시,수출유망,오천산업㈜,조인순,여수 만흥동 8-4,"수산물
건조가공품",651-9409,11-17
22,여수시,기술유망,㈜대경엠앤아이,김학태,여수 월하동 6-6,"설치용 
금속탱크",686-0700,11-18
23,여수시,기술유망,재원산업㈜,심장섭,여수 낙포동 159-3,유기화학물,690-9222,11-19
24,여수시,기술유망,유한기술㈜,장승혁,여수 중흥동 1480,"증류기,
열교환기",685-7550,11-20
25,여수시,기술유망,㈜에스에프시,"이정석
홍정구",여수 화치동 국가산업단지11-04-0007,계면활성제,692-8300,11-21
26,여수시,수출유망,영신수산㈜,김방심,여수 돌산읍 우두리 755-11,"수산물
냉동가공품",644-3030,11-22
27,여수시,기술유망,㈜피오씨,최병삼,여수 소호동 1198-7,"기술용역,
항만운송",652-6819,11-23
28,여수시,기술유망,㈜한국환경사업단,최영기,여수 월내동 324-4,화학제품,686-7066,11-24
29,여수시,기술유망,화성엔지니어링,김창규,여수 국동 37-144,"선박구성
부분품",642-3530,11-25
30,여수시,지역특화,㈜전라도백서방김치,백봉준,여수 만흥동 8-1,김치가공품,653-8859,11-26
31,여수시,기술유망,삼흥물산,이미경,여수 만흥동 9-1,"해조류
가공품",683-9688,11-27
32,여수시,기술유망,㈜한진산업,곽한용,여수 만흥동 9-9,동물성유지,651-9812,11-28
33,여수시,수출유망,영해산업,박정문,여수 소라면 복산리1050,"해조류
가공품",685-1419,11-29
34,여수시,수출유망,㈜나래식품,김금진,여수 돌산읍 평사리 1363-14,"수산물
가공품",644-8666,11-30
35,여수시,지역특화,우남수산,박석남,여수 만흥동 10-3,수산식품,651-9962,11-31
36,여수시,수출유망,일양화학㈜,정진일,여수 주삼동 569-1,"무기
화학제품",683-2201,11-32
37,여수시,기술유망,㈜국보수산,김갑온,여수 오천동 177-4,"수산물
가공품",654-2556,11-33
38,여수시,지역특화,진남레미콘㈜,장영보,여수 율촌면 취적리 1031,레미콘,686-8000,11-34
39,여수시,기술유망,㈜드림라임,김창경,여수 율촌면 봉전리 816-2,화합물,685-9041,11-35
40,여수시,기술유망,㈜오남환경산업,왕승호,여수시 화장동 성산2길 4,"환경오염
방지시설",683-1263,11-36
41,여수시,기술유망,서경카로라이즈공업㈜,이기흥,여수 율촌면 조화리 553-8,"공업용
보온제",685-7311,11-37
42,여수시,기술유망,그린철강산업㈜,정은숙,여수 월하동 751,"세라믹,
철물제조",685-5141,11-38
43,여수시,기술유망,㈜와이엔텍,이성현,여수 월내동 252,"레미콘, 
폐기물처리",690-6938,11-39
44,여수시,기술유망,㈜코스코,최종규,여수시 화장동 788-6 2층,"어장정화
준설처리",686-1301,11-40
45,여수시,기술유망,포에스엔지니어링㈜,정정자,여수 중흥동 1671,제어반,686-3305,11-42
46,여수시,기술유망,㈜두루,박옥자,여수 오천동 177-3,"유가공,
식료가공품",651-5181,11-43
47,여수시,기술유망,㈜이엔플러스,정선국,여수 학동 190-12,"오염토양
복원",684-5900,11-45
48,여수시,기술유망,㈜새길아스콘,김영수,여수 월내동 271,아스콘,685-1158,11-46
49,여수시,수출유망,해청식품㈜,김유성,여수 만흥동 7,"수산물건조
가공품",651-6652,11-47
50,여수시,기술유망,㈜와이씨씨,조순걸,여수시 화치동 중소기업단지 011-01-0012구역,기초무기화합물,691-6881,12-2
51,여수시,지역특화,주식회사 엠에스,고용배,여수시 화양면 화동리 2137,폴리에틸렌관,692-3565,13-3
52,여수시,기술유망,㈜코인즈,최명환,여수시 화치동 중소기업단지 11-2-3,배관클리닝용역,684-6862,13-4
53,여수시,기술유망,㈜동부이엔지,정성언,여수시 상암동 500,철구조물,685-8552,13-5
54,여수시,수출유망,알메탈㈜,송중근,여수시 화양면 화양로 1121-25,Header Pipe,685-8331,13-6
55,여수시,수출유망,㈜보양,조규진,여수시 율촌면 여순로 607-12,농수산물가공,682-9661,13-7
56,순천시,기술유망,㈜파루,강문식,순천시 서면 선평리 42-2,태양광설비지지대,759-5159,11-48
57,순천시,수출유망,㈜한국카라겐,김진선,순천시 서면 산단4길 90,카라기난류,755-9455,11-49
58,순천시,기술유망,㈜스트롱케미칼,김종원,순천시 주암면 주석로 276-33,"PE이중벽,다중벽하수관,PE수도관,연결이음관",755-9300,11-50
59,순천시,기술유망,제일콘크리트,방지원,순천시 서면 매천로 372,"벤치플륨,맨홀,콘크리트뚜껑",755-6788,11-52
60,순천시,지역특화,매일식품㈜,오무,순천시 서면 선평리 292,"간장, 고추장, 된장",752-3331,11-53
61,순천시,기술유망,삼원기업㈜,김윤중,순천시 조례동 1791번지,레미콘,724-3183,11-54
62,순천시,기술유망,㈜삼화기업,류승원,순천시 서면 구상 245,기와경계석,755-6848,11-55
63,순천시,기술유망,㈜태성계전,차영두,순천시 해룡면 월전리 37-3,"고압판넬,전파접촉기",724-3838,11-56
64,순천시,기술유망,㈜썬테크,이선휴,순천시 조례동 758-31,"발전기, 배전반",723-7272,11-57
65,순천시,수출유망,㈜신안그린테크,장승호,순천시 인월동 58-24,농업용 보일러,744-4111,11-58
66,순천시,기술유망,㈜동영산업,조현식,순천시 서면 압곡리 827-4,방화문,755-9070,11-59
67,순천시,수출유망,㈜신성메이저글러브,강영춘,순천시 서면 압곡리 827-6,산업용안전장갑,752-1027,11-60
68,순천시,수출유망,태광메디팜㈜,장철우,순천시 별량면 녹색로 458,"가정용 살충제, 비료",742-0941,11-61
69,순천시,수출유망,현대엔테크,오병래,순천시 별량면 송산길 1,"선박용엔진, 발전기",724-8757,11-62
70,순천시,기술유망,일성레미콘㈜,장영철,순천시 서면 판교리 213-1,레미콘,755-8000,11-63
71,순천시,기술유망,국제방수레미칼,엄점동,순천시 별량면,친환경방수자재,744-4411,11-64
72,순천시,기술유망,㈜현대콘트롤전기,김민성,순천시 해룡면 신대리 368-1,수배전반,724-2226,11-65
73,순천시,기술유망,성창중공업,김기영,순천시 서면 지본리 851-1,"산업플랜트 기계설비, 철강구조물",755-5421,11-67
74,순천시,기술유망,㈜DS ENG,김영철,순천시 해룡면 호두리 율촌제1지방산단 6블록,STS 원통형 물탱크,727-0224,11-68
75,순천시,기술유망,㈜디에스리퀴드,윤수현,순천시 해룡면  호두리 율촌제1지방산단 6블록,"F.M.A, 도가니",724-3441,11-69
76,순천시,지역특화,미가식품영농조합법인,문지은,순천시 별량면 덕정길 96번지,"함초, 소금, 울금",744-6484,11-71
77,순천시,기술유망,㈜다목생태기술,이준길,순천시 주암면 주암호길 62-72,친환경 해충포획기,753-2672,11-72
78,순천시,수출유망,한국신광마이크로애랙트로닉스,TAMAI MASAHIKO,순천시 서면 선평리 35,전자부품 제조업,753-8801,11-73
79,순천시,기술유망,㈜일품원,정삼근,순천시 서면 구만리 677-6,축산물가공품,745-4015,11-74
80,순천시,기술유망,비피시㈜,정현명,순천시 해룡면 호두리 율촌제1산업단지 6블록,볼트 및 기계가공업,727-6080,11-110
81,순천시,기술유망,라인호㈜,신라이히라이너,순천시 해룡면 호두리 6블록,"트랜스포터, 로그아웃시스템",750-8800,12-3
82,순천시,기술유망,㈜한성스틸,이종순,순천시 별량면 우산리 291-1,"연료기기, 부자재, 베이스판",743-1145,12-4
83,순천시,기술유망,㈜강동레미콘,김병선,순천시 해룡면 여순로 1377,레미콘,724-9300,12-5
84,순천시,기술유망,㈜유비테크,최태원,순천시 야흥동 266-2번지,"태양광추적장치, 태양광발전설비",751-7637,12-6
85,순천시,기술유망,한성철망공업사,김미자,순천시 해룡면 호두구상길 11,"용접철망, 개비온, 메쉬휀스",724-7484,12-7
86,순천시,기술유망,한성철강,이종순,순천시 풍덕동 1291-3,"건축부자재, 철강",743-1135,12-8
87,순천시,기술유망,㈜삼미금속,남백원,순천시 서면 압곡리 608-2,"레이저가공, 스텐,파이프",751-3233,12-9
88,순천시,기술유망,(주)지본코스메틱,박철승,순천시 서면 선평리 253-3,"스크럽제, 바디워시, 샴푸",755-3114,12-10
89,순천시,기술유망,주영STS㈜,김송일,전남 순천 주암 궁각 484-2,플라이애시,752-7700,13-8
90,순천시,기술유망,㈜바이오리쏘스,정승기,전남 순천시 주암면 궁각리 484-3,미생물제품,755-8722,13-9
91,순천시,기술유망,㈜코일렉트로드,고희찬,전남 순천시 해룡면 선월리 907-4,도금용전극,723-8389,13-10
92,순천시,기술유망,㈜금양이앤씨,김기범,전남 순천시 주암면 궁각리 561-9,내마모재,751-4472,13-11
93,순천시,지역특화,㈜엠티에스,안명길,순천시 해룡면 율촌산단3로 66,"컨트롤밸브, 액츄에이터",763-7900,13-12
94,나주시,기술유망,㈜범한,김재청,나주시 운곡동 175-26,농업용난방기,335-7744,11-75
95,나주시,지역특화,가보팜스㈜,김희성,나주시 운곡동 산 52-21,"벌꿀, 유자차",334-1161,11-76
96,나주시,기술유망,㈜유니온카본,오재규,나주시 동수동 76-10,활성탄소,335-3944,11-77
97,나주시,기술유망,㈜미래,"박정환,이시우",나주시 다도면 송학리 122-36,"아스콘,쇄석골재",337-9070,11-78
98,나주시,기술유망,㈜삼성레미콘,고종환,나주시 금천면 원곡리 912,레미콘,331-7002,11-79
99,나주시,기술유망,㈜일성기업,나용철,나주시 반남면 청송리 252,콘크리트,339-2000,11-80
100,나주시,기술유망,㈜광호산업,노진숙,나주시 동수동 332,철근콘크리트,335-0007,11-81
101,나주시,지역특화,㈜우승산업,장경님,나주시 봉황면 와우리 1-6,"배수문,권양기",337-8338,11-82
102,나주시,지역특화,샬롬산업㈜,김정매,나주시 왕곡면 월천리 85-25,"전투식량,즉석식품,
신선처가공식품",335-6906,11-83
103,나주시,수출유망,완도물산,김천일,나주시 남평읍 교원리 690,조미김,337-8751,11-84
104,나주시,기술유망,㈜송광인더스트리,김영신,나주시 산포면 등정리 612-7,형광등 베이스캡,337-5194,11-85
105,나주시,기술유망,㈜광일식품,조문호,나주시 남평읍 서산리 652,"빵,과자",331-1950,11-86
106,나주시,기술유망,대양철망공업사,염세환,나주시 산포면 매성리 1265-2,철망,337-4747,11-87
107,나주시,기술유망,㈜남양호안,김영자,나주시 동수동 318,콘크리트 블록,335-4760,11-88
108,나주시,기술유망,㈜하이옥스,이영례,나주시 동수동 75-29,산업용송풍기,336-0071,11-89
109,나주시,지역특화,㈜삼진지에프,박정수,나주시 금천면 촌곡리 40-10,김치류,331-6663,11-90
110,나주시,수출유망,(주)켐포트,김영주,나주시 동수동 15-1,고도불포화지방산,330-9700,11-91
111,나주시,지역특화,한양식품,김종열,나주시 문평면 옥당리 108,절임식품,335-4651,11-92
112,나주시,기술유망,(주)한성푸드,이태규,나주시 동수동 341-1,오리훈제,333-0880,11-93
113,나주시,지역특화,가바라이스연옹조합법인,김선동,나주시 세지면 성산리 252,발아현미,332-1223,11-94
114,나주시,기술유망,㈜봉황씨원,채영기,나주시 봉황면 와우리 1-25,점토벽돌,332-5574,11-95
115,나주시,지역특화,좋은영농조합법인,이기선,나주시노안면 양천리 31-2,과즙음료,335-9630,12-11
116,나주시,기술유망,㈜자연과미래,박매호,나주시노안면 안산리 880-4 동신대 BI,친환경복합비료,336-9507,12-12
117,나주시,기술유망,나산테크㈜,황인묵,나주시동수동 339,육묘상자,336-7600,12-13
118,나주시,기술유망,㈜엡스코어,장동환,나주시운곡동 239-9,태양광경관등,333-5995,12-14
119,나주시,기술유망,㈜신우콘크리트,이현정,나주시동수 농공단지길 137-18,호안블록,335-0088,12-15
120,나주시,기술유망,태림인더스트리㈜,임은태,나주시 동수 농공단지길 159-10,미생물제조,336-2588,12-16
121,나주시,기술유망,㈜세오,"이형각,김호군",나주시 동수동 76-17,"CCTV, LED",334-3115,13-13
122,나주시,기술유망,㈜건강을지키는사람들,정영식,나주시 동수농공단지길 100-18,"식이섬유, 효소제품",335-8500,13-14
123,나주시,지역특화,㈜대한식품,한윤경,나주시 동수농공단지길 62-18,"누룽지류, 컵케익",337-9411,13-15
124,나주시,수출유망,해송식품,김현선,나주시 산포면 산제리 910,"조미김, 건어물",336-9289,13-16
125,나주시,지역특화,헵시바 F&B,김현수,"나주시 대호동 동신대학교 친환경
농식품산업화센터 101호",건과류식품,330-2827,13-17
126,나주시,기술유망,㈜미주산업,김  용,나주시 동수동 76-24,과일포장재,336-4456,13-18
127,나주시,기술유망,두성기업,김두헌,나주시 평산동 233-1,"문구류,테이프",334-8625,13-19
128,나주시,지역특화,코리아팔도영농조합법인,이미영,나주시 동수농공단지길 160-13,"통오리, 훈제",336-3226,13-20
129,광양시,기술유망,(주)달성,최재원,광양 초남 740-2,산업기계,763-9600,11-96
130,광양시,기술유망,(주)픽슨,정성만,옥곡면 신금리 1507-75,파형강관,1577-5077,11-97
131,광양시,기술유망,한성철강공업(주),윤걸,광양 초남 733-2,칼라 C형강,762-8333,11-98
132,광양시,수출유망,(주)금풍공업,서정현,태인동 1659-2,고지프레스기,792-5566,11-99
133,광양시,기술유망,㈜신영엔지니어링,김복식,옥곡면 원월리 504,수배전반,772-6711,11-100
134,광양시,기술유망,㈜삼우ECO,허기복,광양 초남 739-5,제철설비,763-7770,11-101
135,광양시,기술유망,㈜제철공무,안우정,옥곡면 신금리 1507-43,pe sheet 강판,755-1400,11-102
136,광양시,지역특화,광양청매실농원영농조합법인,홍쌍리,다압 도사 414,청매실,772-4066,11-103
137,광양시,지역특화,(주)삼삼,정해철,진상면 섬거리 97-1,철도신호용품,772-4238,11-104
138,광양시,수출유망,래드믹스코리아(주),이화연,광양읍 직동1길 26,강섬유,772-4314,11-105
139,광양시,지역특화,부국산업(주),남상규,금호동 589,정광분,798-9200,11-106
140,광양시,수출유망,㈜비앤비성원,전성우,광양 초남 740,"스테인리스
강관",797-1110,11-108
141,광양시,기술유망,(주)남광포리마,윤유선,태인동 1655-7,"산업용
고무제품",792-4369,11-109
142,광양시,지역특화,(주)하나테크,임재홍,옥곡 신금 308-2,메탈릭 튜브,772-7781,11-111
143,광양시,기술유망,(주)에스케이디하이테크,한성무,옥곡 신금 1507-44,"롤클리너
스크래퍼",772-7941,11-112
144,광양시,수출유망,디에스알(주),홍석빈,광양 초남 732-2,"스테인리스
와이어",762-8351,11-113
145,광양시,수출유망,협성농산영농조합법인,조상현,다압 도사 140,매실,772-0003,11-114
146,광양시,수출유망,다압매율영농조합법인,서순열,진월 망덕 199-21,매실,772-3289,11-115
147,광양시,기술유망,하이포스(주),임기택,옥곡 신금 301-1,전기판넬,772-9601,11-116
148,광양시,기술유망,(주)만보중공업,이민서,광양읍 익신 682,산업기계,762-0931,11-117
149,광양시,기술유망,현대수기,이진수,옥곡 신금 888,"수문, 밸브",772-7607,11-129
150,광양시,기술유망,광양(주),이규선,태인동 28-120,플레이트류,792-7777,11-119
151,광양시,기술유망,(주)키텍엔지니어링,정재곤,태인동 1693,연소기기,791-4966,11-120
152,광양시,기술유망,(주)케이엔텍,김인환,광영동 720-8,"수질관리자동제어
시스템",794-7861,11-121
153,광양시,기술유망,(주)창조,곽종기,태인동 28-98,산업안전시설물,792-5420,11-122
154,광양시,기술유망,㈜제일시스템,양세영,옥곡 신금 390-1,배전반,772-6380,11-123
155,광양시,기술유망,㈜포스프로,박성식,태인동 1690,기계식사,793-1136,11-124
156,광양시,기술유망,호남석회공업㈜,신홍수,진월 월길 1393-7,단광,772-7851,11-125
157,광양시,기술유망,㈜한성산업,윤걸,광양 초남 733-1,sheet,762-8333,11-126
158,광양시,기술유망,중앙산기㈜,임성기,옥곡 신금 366-7,"screen, 라이너",772-8772,11-127
159,광양시,기술유망,대동중공업㈜,김철헌,광양 초남 739-8,제철설비,762-5000,11-128
160,광양시,기술유망,㈜효석,김효수,광양 금호동 857,철강슬래그,793-7300,11-130
161,광양시,기술유망,㈜그린에스엔티,이경춘,광양 광영동 834-5,안전표지판,791-3863,11-131
162,광양시,기술유망,㈜후상,이상열,광양읍 초남공단 1길 35,수분입도측정장치,793-5000,11-132
163,광양시,수출유망,㈜포미니시스템,심영포,광양읍 죽림리 55-10,메탈펌프,763-9993,11-133
164,광양시,기술유망,㈜지엔에스티,김학봉,광양 죽림 29,프라스틱,772-5202,11-134
165,광양시,지역특화,㈜비엠씨,백창길,광양 진원면 사평길 61,미생물,794-0002,11-135
166,광양시,기술유망,㈜신강산업,서명심,광양읍 덕례리 301-4,금속판가공,762-2150,11-136
167,광양시,기술유망,에스티엔지㈜,권세찬,광양시 옥곡면 신금리 1507-111,plc,792-4142,12-17
168,광양시,기술유망,한국산업㈜,이재호,광양시 광양읍 초남리 742-1,플랜트 가공,755-4700,12-18
169,광양시,기술유망,㈜삼성플렉스,정구증,광양시 태인동 303-127,부직포,793-2672,12-19
170,광양시,기술유망,대신메탈라이징㈜,박영서,광양시태인동 1657-6,롤러,792-0933,12-20
171,광양시,기술유망,㈜성천,이성재,광양시 태인동 초남리 733,철구조물,772-1080,12-21
172,광양시,기술유망,㈜신성플랜트,라병열,광양시 읍 제철로 182,압력용기,762-9830,12-22
173,광양시,기술유망,한국산기㈜,조사현,광양시 옥곡면 강변로 223,내화물,772-2805,12-24
174,광양시,기술유망,㈜엠티에스코리아,류은상,광양시 옥곡면 신금4단길 16,공작기계 및 자동화설비,795-7505,13-21
175,광양시,기술유망,포스낙주식회사,윤금식,광양시 옥곡면 신금로 254,공작기계 및 자동화설비,793-7059,13-22
176,광양시,기술유망,세신전기㈜,공병화,광양시 안산길 59,산업용브레이크,792-6998,13-23
177,광양시,기술유망,㈜제철세라믹,최원용,광양시 태인3길 80,"특수시멘트, 비료",791-1850,13-24
178,광양시,지역특화,㈜서일하이텍,박종선,광양시 동광길 11,보안용카메라,792-7070,13-25
179,담양군,기술유망,해표산업㈜,고재룡,담양 담양읍 백동리433-5,수산양식 기계,383-6601,11-137
180,담양군,기술유망,㈜신성금형,이기호,담양 무정면 봉안리384-1,타이어 금형,383-6201,11-138
181,담양군,기술유망,㈜우수금속,양희영,담양 고서면 동운리652,탄소강 주강,383-3636,11-139
182,담양군,수출유망,아륭기공㈜,장춘상,담양 금성면 대곡리681-1,펌프,382-4401,11-140
183,담양군,기술유망,대한한옥개발㈜,이명철외1,담양 용면 두장리174-4,천년와,383-0227,11-141
184,담양군,기술유망,한남산업㈜,김은철,담양 무정면 봉안리384-2,강화유리,383-8311,11-142
185,담양군,기술유망,한남복층유리공업㈜,김은철,담양 무정면 봉안리382-1,복층유리,383-6860,11-143
186,담양군,기술유망,호정식품㈜,유영군,담양 창평면 삼천리35-1,한과,383-6446,11-144
187,담양군,기술유망,㈜목림,김기영,담양 금성면 봉서리780,"책상, 캐비닛",381-0056,11-145
188,담양군,기술유망,방산기업㈜,장택수,담양 무정면 동산리420,건축용 목재,381-1610,11-146
189,담양군,기술유망,황토명가,김명희,담양 용면 두장리363,천연염색 침구,382-0019,11-147
190,담양군,기술유망,㈜창원,문국란,담양 대전면 대치리583,플라스틱 창호,383-5463,11-148
191,담양군,기술유망,대현테크㈜,유양환,담양 금성면 원천리193-1,"복공판, 통신주",383-2900,11-149
192,담양군,지역특화,㈜삼점삼소스코,장종숙,담양군 창평면 용수리 301,"김치, 단체급식",382-9998,12-25
193,담양군,기술유망,㈜아이지스,안상만,담양군 금성면 봉서리 763,오토씰링 로봇,383-7338,12-27
194,담양군,지역특화,㈜제일판지산업,오성진,담양군 금성면 봉서리 779,골판지 상자,381-1997,12-28
195,담양군,기술유망,삼호콘크리트㈜,신을호,담양군 금성면 담순로 463,콘크리트암거블럭,371-3535,13-26
196,곡성군,기술유망,삼광철강공업㈜,선광휴,곡성군 석곡면 연반리,칼라C형강    데크플레이트,363-7500,11-150
197,곡성군,기술유망,㈜더블유원,한재석,곡성 석곡,차량용 LPG연료탱크,363-0459,11-151
198,곡성군,기술유망,광성수출포장㈜,김재문,곡성군 석곡면 연반리 703-3,골판지박스,363-3996,11-152
199,곡성군,기술유망,㈜부성리싸이클링,김성제,곡성군 석곡면연반리농공길4,고무제품,363-805,11-153
200,곡성군,기술유망,㈜미실란,이동현,곡성군.읍 장선리,친환경곡류외 곡류가공품,070-8290-0310,11-155
201,곡성군,수출유망,(유)케이테크코리아,이흥주,곡성군 곡성읍 곡성로235,금속구조물,363-2733,12-29
202,구례군,기술유망,㈜한성산업,이정숙,구례군 광의면 지천리 437-1,잔디블럭,782-3651,11-157
203,구례군,기술유망,성호산업㈜,하성호,구례군 간전면 간문리 627-5,벤취플룸,781-7001,11-158
204,구례군,기술유망,신강하이텍㈜,조성주,구례군 간전면 간문리 625-2,무수축그라우트,781-3720,11-159
205,구례군,기술유망,동부요업㈜,박문환,구례군 간전면 간문리 623-2,한식기와,781-0987,11-160
206,구례군,기술유망,"도울바이오푸드
영농조합법인",정진옥,구례군 광의면 방광리 715-2,친환경곡물가공식품,781-4887,11-161
207,구례군,기술유망,구례레미콘주식회사,김윤중,구례군 간전면 간문리 627-2,레미콘,781-8100,11-162
208,구례군,지역특화,광의면특품사업단 우리밀가공공장,최성호,구례군 광의면 구만리 252-1,우리밀가루,781-3036,11-156
209,구례군,수출유망,그리올푸드영농조합,이종현,구례군 간전면 거석길 71,농산물,783-3388,12-30
210,고흥군,기술유망,㈜효경,최인효,고흥군 동강면 장덕리 815,발포플라스틱,834-5560,11-163
211,고흥군,수출유망,해도물산㈜,백영식,고흥군 도화면 가화리 920,멸치가공품,833-5888,11-164
212,고흥군,기술유망,햇고을영농조합법인,김연수,고흥군 도덕면 봉덕리 420-2,깐마늘등,842-8282,11-165
213,고흥군,기술유망,㈜한일,한안석,고흥군 도양읍 용정리 2227,FRP선박,844-6336,11-166
214,고흥군,기술유망,㈜우리기업,김정심,고흥군 풍양면 풍남로 33-23,"수문, 금속구조물",833-7904,12-31
215,고흥군,기술유망,㈜죽암기계,"김종욱
차기원",고흥군 동강면 죽암로 281-19,농업용기계,830-0700,13-27
216,보성군,수출유망,㈜보성글러브,박호성,보성군 미력면 도개리 961-1,"면장갑, 코팅장갑",853-9922,11-167
217,보성군,수출유망,혜정농원영농조합법인,이승아,보성군 웅치면 봉산리 607-8,어성초엑기스,853-3139,11-168
218,보성군,수출유망,보성녹차식품개발원,김영애,보성군 웅치면 중산리 236,"녹차, 녹차한과",853-1199,11-169
219,보성군,기술유망,보성포리테크㈜,김성식,보성군 벌교읍 연산리 529-39,"pe수도관, 하수도관",857-9900,11-170
220,보성군,기술유망,㈜성화,정명일,보성군 벌교읍 연산리 606,"수도용 상토, 원예용 상토",858-2131,11-171
221,보성군,기술유망,제석기업㈜,김정래,보성군 벌교읍 장좌리 53,레미콘,858-8000,11-172
222,보성군,기술유망,동원철강㈜,강해영,보성군 미력면 도개리 960-1,"파형강관, 표면처리강",852-9988,11-173
223,보성군,기술유망,다인환경테크㈜,이철환,보성군 미력면 도개리 958-1,"오수처리시설, 단독정화조",852-1888,11-174
224,보성군,기술유망,㈜호남유화,이동윤,보성군 미력면 도개리 963-2,유화아스팔트,852-9744,11-175
225,보성군,지역특화,㈜벌교농산,박호배,보성군 벌교읍 봉림리 1-1,쌀,857-6000,11-176
226,보성군,지역특화,㈜보성티엔티,임화춘,보성군 미력면 도개리 953-1,"녹차티백, 잎녹차",853-3000,11-177
227,보성군,지역특화,보성녹차영농조합법인,임화춘,보성군 미력면 도개리762-6,"차음료, 기타음료",853-4114,11-178
228,화순군,기술유망,㈜대호중공업,권경섭,동면 동농공길 12,펌프,371-1104,11-179
229,화순군,기술유망,한국인스팜㈜,오규철,동면 동농공길 17,의약품 기능성식품,371-3000,11-180
230,화순군,지역특화,㈜경동,강병영,동면 동농공길 71,타올,373-9888,11-181
231,화순군,기술유망,㈜이노탑,유진종,동면 동농공길 49,알루미늄창호,373-6920,11-182
232,화순군,기술유망,우림스틸산업㈜,이병우,도곡면 유신동길 17-20,스틸파레트,373-2500,11-183
233,화순군,수출유망,㈜라벨리,최창우,화순읍 쌍충로 127-1,빙과류,372-0151,11-184
234,화순군,지역특화,㈜만나,김영석,화순읍 학포로 2521-25,돈육,373-6144,11-185
235,화순군,기술유망,㈜화성,장명도,동면 동농공길 67,상하수도처리기계,373-4900,11-186
236,화순군,지역특화,㈜오성식품,문정길,화순읍 칠충로 76,두부,374-3479,11-187
237,화순군,기술유망,동아에스텍㈜,한상원,동면 동농공길 26-2,가드레일,370-2114,11-188
238,화순군,기술유망,㈜대흥가로등,한상현,능주면 능주농공길 45,가로등,371-3300,11-189
239,화순군,기술유망,코코바이오㈜,구선경,동면 동농공길 26-6,상토,372-5042,11-190
240,화순군,기술유망,㈜삼미가구,박홍미,능주면 능주농공길 45-3,학생용가구,373-5051,11-192
241,화순군,기술유망,㈜수강케미컬,오인숙,능주면 능주농공길 45,방풍단열내장재,373-2902,11-193
242,화순군,수출유망,선일텔레콤㈜,김규식,도곡면 도곡농공길 12-4,광케이블 접속함,373-7500,11-194
243,화순군,지역특화,국도전기제작소,김석기,동면 동농공길 39-4,배전반,371-4700,11-195
244,화순군,지역특화,㈜한보요업,박현식,화순읍 충의로 255,바닥타일,374-2286,11-196
245,화순군,기술유망,㈜대진환경산업,이병노,능주면 능주농공길 20-1,오수처리시설,373-7116,11-197
246,화순군,수출유망,한영타이어㈜,박재완,도곡면 도곡농공길 24,재생타이어,372-0245,11-198
247,화순군,기술유망,㈜남양산업,이봉권,이양면 이양농공길 59,조립식PC맨홀,371-2030,11-199
248,화순군,기술유망,㈜엔에이시,이명석,춘양면 학포로 1303,숯필터,372-9868,11-200
249,화순군,기술유망,동명산업정보㈜,김선규,화순군동면 동농공길 61,교구,373-0256,12-32
250,화순군,기술유망,이아이시텍㈜,박순애,동면 동농공길 26-4,계장제어장치,372-6300,12-33
251,화순군,기술유망,㈜삼원테크,황대연,동면 동농공길 26-3,저수탱크,373-3221,12-34
252,화순군,기술유망,㈜인스나인,박유복,동면 동농공길 26-10,생활도자기,373-9923,12-35
253,화순군,기술유망,㈜후소엔지니어링,이경섭,춘양면 용회로 339,오수처리시설,373-5373,12-36
254,화순군,기술유망,코리아디지탈㈜,주길모,능주 능주농공길 3,과학실험기기,373-5000,12-37
255,화순군,기술유망,하서산업㈜,"김상국
김상필",동면 동농공길 7,펌프게이트,371-0144,12-38
256,화순군,기술유망,㈜삼한,최규범,화순군 동면 동농공길 39,"용접철망,돌망태",372-8887,13-28
257,화순군,기술유망,㈜세진이엘이시,손권옥,화순군 동면 동농공길 12-6,배전반,373-6456,13-29
258,화순군,기술유망,㈜우수기전,유금숙,화순군 동면 동농공길 67,"수배전반, 분전반",372-4466,13-30
259,장흥군,기술유망,㈜피엔케이,박종국,장흥군 장동 반산 15-2,헛개나무 농축액,864-1115,11-201
260,장흥군,수출유망,대륙식품㈜,신정석,장흥군 장평 봉림 397-16,조미김,862-2235,11-202
261,장흥군,기술유망,창조콘크리트,배순순,장흥군 장평 봉림 396-1,맨홀,862-9753,11-203
262,장흥군,지역특화,신성식품주식회사,신노균,장흥군 안양 수양 442,맛김,862-9991,11-204
263,장흥군,지역특화,(주)세진햇김,신행주,장흥군 회진 회진 2142-3,맛김,867-5105,11-205
264,장흥군,지역특화,㈜에이치씨바이오텍,윤병재,장흥군 안양 운흥 701-3,함초가공품,864-8647,12-39
265,강진군,기술유망,대원콘크리트,김정화,강진군 성전 월평 804,"콘크리트, 
벽돌",432-9919,11-206
266,강진군,지역특화,황금물산,황현한,강진군 대구 구수 1012-39,"미역, 다시마",433-7992,11-207
267,강진군,지역특화,남양산업,이주연,강진군 군동 호계 831,배합사료,434-3665,11-208
268,강진군,지역특화,부래영어조합,김성배,강진군 군동 삼신 904-1,"미역, 다시마",434-0059,11-209
269,강진군,기술유망,남도농산,송진규,강진군 작천면 삼열리 477-1,유기질비료,432-6262,11-210
270,강진군,수출유망,㈜청화농수산,이강재,강진군 마량면 마량리 1002-17,"미역, 다시마",,12-40
271,강진군,지역특화,천지해영어조합법인,정영록,강진군 군동면 백금포길 36-24,해조류 가공,432-8899,12-41
272,해남군,지역특화,한국참다래유통사업단,조광수,해남군 화산 방축 585,"고구마,참다래",533-5577,11-211
273,해남군,수출유망,해남자연영농조합법인,황상덕,해남군 옥천 영신 606,해초청국장환,533-4950,11-212
274,해남군,기술유망,(주)뉴텍,강성우,해남군 옥천 영신 605-2,다목적 인양기,535-4366,11-213
275,해남군,지역특화,귀빈식품,한안자,해남군 황산 남리 28-5,"젓갈, 간장",532-2416,11-214
276,해남군,기술유망,대흥콘크리트㈜,박필용,해남군 옥천 영신 606-1,"호안,보도블록",535-5849,11-215
277,해남군,기술유망,남부산업㈜,"김윤중
김태훈",마산 상등 25-2,"아스콘,레미콘",534-2503,12-42
278,해남군,기술유망,㈜혁신,최연호,옥천 영신 604,"계류시설 및 부잔교,
알루미늄창호",462-5948,12-43
279,영암군,기술유망,(유)한국특수산업,함지웅,영암군 군서면 월곡리 840,PIPE도장,473-0950,11-224
280,영암군,기술유망,㈜창해산업,최영란,영암군미암면 채지리 522,"김활성처리제
등",473-1823,11-231
281,영암군,수출유망,㈜왕인식품,박정희,영암군군서면 성양리 426-1,김치,471-9001,11-227
282,영암군,수출유망,K.S야나세산업㈜,김영순,영암군삼호읍 나불리 611-16,선박기자재,464-9741,11-226
283,영암군,지역특화,㈜푸른중공업,김봉철,영암군삼호읍 난전리 1697-5,"아연도금,
배관, 요트",464-0900,11-230
284,영암군,지역특화,㈜정오엔지니어링,정태형,영암군삼호읍 나불리 340-7,"선박구성
부분품",460-5000,11-228
285,영암군,기술유망,㈜목포샤링,정봉구,영암군삼호읍 나불리 608-9,"컨테이너,
크레인 등",462-9887,11-225
286,영암군,지역특화,"팔도참오리
영농조합법인",이선영,영암군신북면 갈곡리 38-69,오리훈제,473-5201,11-216
287,영암군,기술유망,㈜샘텍,김용건,영암군삼호읍 나불리 611-27,안전장갑,463-1311,11-217
288,영암군,수출유망,㈜디에이취엠씨,서호길,영암군삼호읍 나불리 342-4,"RUKKER, BLOCK",460-9800,11-218
289,영암군,기술유망,대아산업㈜,고창회,영암군삼호읍 난전리 1692-7,BLOCK,462-6666,11-219
290,영암군,지역특화,미래테크,김금희,영암군학산면 독천리 651,농업용비료,473-3100,11-220
291,영암군,지역특화,현대이엔티㈜,노정규,영암군삼호읍 난전리 1713-53,"수배전반 및
선박전장품",464-7880,11-221
292,영암군,기술유망,(유)광전피씨,이정덕,영암군군서면 월곡리 845,"암거, 맨홀",473-2502,11-222
293,영암군,기술유망,㈜삼호용접기,김진수,영암군삼호읍 난전리 1689-34,용접기,464-5504,11-223
294,영암군,지역특화,"농업회사법인
다도해농산㈜",안춘석,영암군삼호읍 난전리 1689-44,친환경잡곡(혼합곡),464-4641,11-232
295,영암군,기술유망,(유)성문,이재홍,영암군 삼호읍 소등로 109,선박구성품,464-9696,12-44
296,영암군,지역특화,(유)영진산업,안용남,영암군 삼호읍 나불로 398,선박구성품,464-0555,12-45
297,영암군,기술유망,(유)원진기업,최환수,영암군 삼호읍 대불산단6로 123,"gas pipe
grating",463-1977,12-46
298,영암군,수출유망,(유)한국써포트,김윤례,영암군 삼호읍 나불로1길 37,철의장품,462-2823,12-47
299,영암군,기술유망,대성기업디에스㈜,이종식,영암군 삼호읍삼불1길 19,와이어로프,462-3680,12-48
300,영암군,기술유망,㈜동양화학,형기우,영암군 신북면신북공단로 73-16,암모니아,472-1810,12-49
301,영암군,수출유망,㈜유일,유인숙,영암군 삼호읍 나불로 201,선박구성품,463-0976,12-50
302,영암군,기술유망,㈜자유기업,이종만,영암군 삼호읍대불산단8로 88,선박구성품,463-1600,12-51
303,영암군,지역특화,코스틸산업㈜,김찬수,영암군 삼호읍소등로 117,선박구성품,464-8002,12-52
304,영암군,지역특화,해원산업㈜,황택기,영암군 삼호읍 용앙로 74,강재절단,462-5777,12-54
305,영암군,지역특화,대상중공업㈜,문제균,영암군 삼호읍 나불로 235,선박구성품,460-1892,12-55
306,영암군,지역특화,㈜마린텍,김용환,영암군 삼호읍 나불리 342-7,선박구성부품,463-9300,13-31
307,영암군,지역특화,㈜보원,마광식,영암군 삼호읍 대불산단8로  46,"pipe, unit",462-3005,13-32
308,영암군,기술유망,㈜가람콘크리트,김용규,영암군 군서면 군서공단로 65,콘크리트제품,471-5152,13-33
309,영암군,기술유망,디에스중공업㈜,김성길,영암군 삼호읍 대불산단3로 36,선박구성부품,462-3550,13-34
310,영암군,수출유망,㈜한영산업,한웅,영암군 삼호읍 대불산단3로 81,선박구성부품,469-0700,13-35
311,영암군,기술유망,대화정공㈜,김선기,영암군 삼호읍 대불산단8로 58,용융아연도금,464-0161,13-36
312,영암군,기술유망,선보하이텍㈜,최금식,영암군 삼호읍 산단서부로 23,선박구성부품,462-3454,13-37
313,무안군,수출유망,㈜삼일물산,김민숙,무안 일로 감돈 253-3,"미역,다시마",282-3191,11-235
314,무안군,기술유망,㈜대경,박연송,무안 청계 청수 559,"해태발장,로프",454-1666,11-236
315,무안군,지역특화,현대영농조합법인,김천중,무안 해제 유월 391-7,양파음료,454-3377,11-237
316,무안군,기술유망,㈜경세산업,박경정,무안 일로 상신 768-1,골판지 상자,281-8232,11-238
317,무안군,기술유망,(유)성지농산,김규열,무안 삼향 지산 889-19,떡국,281-7070,11-239
318,무안군,수출유망,청수식품㈜,김선희,무안 청계 청수 559-10,구운소금,452-8001,11-240
319,무안군,기술유망,㈜신영하이테크,김인성,무안 청계 청수 556-1,자동차프레스 금형,454-1701,11-241
320,무안군,기술유망,㈜에릭스,이오훈,무안 일로 상신 766,도자기,454-7100,11-241
321,무안군,기술유망,㈜삼진,김동화,무안 삼향 왕산 642,해태발장,284-7000,11-234
322,무안군,기술유망,㈜미라보콘크리트,김영수,무안 청계 청수 561-2,콘크리트파일,453-4071,11-233
323,무안군,지역특화,㈜엠엔지,고완영,청계면 영산로 1840,농작물비닐피복기,453-1563,12-56
324,무안군,지역특화,태성기업주식회사,김창성,삼향읍 지산리 894-3,선박철의장재,285-9650,12-57
325,무안군,지역특화,(유)도울엔지니어링,김현태,삼향읍 지산리 894-3,선박철의장재,287-5232,12-58
326,무안군,지역특화,옥반식품영농조합법인,정재곤,무안군 몽탄면 우명길 261-16,양파즙,323-9500,13-38
327,무안군,기술유망,㈜신명,이제연,무안군 삼향읍 지산리 894-2,플라스틱용기,287-8290,13-39
328,무안군,수출유망,㈜허니비,조구형,무안군 청계면 청수리 560-12,"장류, 엑기스류",453-3522,13-40
329,무안군,기술유망,㈜삼일전기조명,정태식,무안군 삼향읍 지산리 891-1,조명기구,283-6001,13-41
330,함평군,기술유망,동원제재소,최용우,함평군 함평읍 함평천좌길 52 ,"한옥, 사찰목재",323-2334,11-243
331,함평군,기술유망,(유)세양종합식품,윤태석,함평군 함평읍 함장로 1015,"돈까스, 햄패티",324-0208,11-244
332,함평군,기술유망,㈜에코닉스,김갑중,함평군 함평읍 함영로 1685-26,시멘트가공제품,322-8001,11-246
333,함평군,기술유망,천보레미콘㈜,노미라,함평군 함평읍 함영로 1685-42,레미콘,323-3434,11-247
334,함평군,수출유망,대한타이어공업,박종오,함평군 월야면 밀재로 1791-10,재생타이어,323-5201,11-248
335,함평군,수출유망,㈜와이제이씨,배지수,함평군 학교면 학교공단길 13-9,"전자부품 
소성용 요도구",323-9000,11-249
336,함평군,기술유망,㈜밝은환경,최동식,함평군 함평읍 함영로 1685-56,"주차블록, 에코피아다
공형, 포러스톤",322-8001,12-59
337,함평군,기술유망,㈜금강스틸,조성균,함평군 학교면 학교공단길 66,용접철망,323-6661,13-42
338,함평군,수출유망,㈜금강화학,조성균,함평군 학교면 학교공단길 66,플라스틱사출성형품,323-6661,13-43
339,영광군,지역특화,"옥당바이오식품
영농조합법인",정종범,영광군 영광읍 신하리 670-27,떡류(모시송편),351-3904,11-250
340,영광군,기술유망,"영산해다올영어
조합법인",박경희,영광군 법성면 대덕리 482,영광굴비,356-2019,11-251
341,영광군,수출유망,㈜성산기업,신양수,영광군 군서면 만곡리 814,정미기,351-4210,11-252
342,영광군,기술유망,"미성영어조합
법인",박상규,영광군 법성면 덕흥리 629-1,영광굴비,356-9999,11-253
343,영광군,기술유망,㈜파이프로,이중완,영광군 군서면 만곡리 814,P.E상하수관,351-0230,11-254
344,영광군,지역특화,해말금영어조합법인,김동명,"영광군 법성면 영광로 117-8
(영광군 법성면 대덕리 206-2번지)",굴비,356-0914,12-60
345,영광군,지역특화,고추마을영농조합법인,장영진,영광군 염산면 봉덕로 472-4,고추가루,353-4589,13-44
346,영광군,기술유망,(유)도로산업,곽창호,영광군 군서면 만곡리 801,"아스콘, 골재",1566-2556,13-45
347,장성군,기술유망,㈜에스제이금속,송형석,장성군 황룡면 월평리 613-1,콤프레샤 부품,399-1000,11-256
348,장성군,기술유망,㈜G-알켐,이상규,장성군 동화면 남평리 1060-10,냉장고용 컴르레샤부품,393-3114,11-257
349,장성군,기술유망,㈜덕신,최연희,장성군 황룡면 신호리 61-47,플라스틱금형,394-4171-3,11-260
350,장성군,기술유망,㈜한남세라믹,김봉찬,장성군 북이면 오월리 605-2,내마모품,392-4433,11-262
351,장성군,기술유망,㈜코스,최영희,장성군 동화면 구림리 210,BENDINGPIPE,394-3011,11-263
352,장성군,기술유망,태영산업,김영수,장성군 읍 유탕리 1362-2,"전자부품
pvc콤파운드",393-3725,11-264
353,장성군,기술유망,태영전자㈜,김영수,장성군 동화면 구림리 200-3,자동차부품,394-8410,11-265
354,장성군,기술유망,㈜굳-상사,장주경,장성군 읍 성산리 27-1,청소기 회로기판 조립,394-8714,11-267
355,장성군,기술유망,㈜정신전자,이규설,장성군 읍 성산리 777-1,세탁기 pcb ass'y,393-3031,11-268
356,장성군,기술유망,㈜서광,전종숙,장성군 동화면 구림리 200-4,냉장고부품,394-6458,11-269
357,장성군,기술유망,㈜삼원 이.엔.지,전홍섭,장성군 북이면 신월리 122,전동댐퍼,394-3577,11-270
358,장성군,지역특화,백양영농조합법인,차후덕,장성군 북이면 수성리 505-1,액상차류,392-7410,11-271
359,장성군,수출유망,㈜창일,황대연,장성군 북일면 신흥리 502,pe pipe,394-8773,12-61
360,장성군,기술유망,㈜폼피아,박상혁,장성군 삼계면 부성리 789-2,가교발포폴리에텔렌,394-3811,12-62
361,장성군,기술유망,용호금속㈜,김용갑,장성군 황룡면 월평리 200-55,소각로 및 자동차부품,392-3643,13-46
362,장성군,지역특화,㈜광암스틸,조재희,장성군 동화면 남평리 1062-8,금속선(보철),393-6997,13-47
363,장성군,기술유망,대영스틸산업㈜,박정환,장성군 동화면 연산로 149,강구조물,393-8660,13-48
364,장성군,기술유망,(주)한맥캐미칼,최경관,장성군 황룡면 황룡로 177,플라스틱시트,393-8141,13-49
365,장성군,수출유망,디와이엘엔제이㈜,김태수,장성군 동화면 남평리 1058-3,와이어하네스,392-9521,13-50
366,완도군,지역특화,제일산업㈜,정옥심,완두군완도읍 가용리 1089-9,건미역,554-5581,11-279
367,완도군,기술유망,㈜장보고물산,김태현,완도군완도읍가용리1088,조미김,555-2025,11-287
368,완도군,기술유망,성원물산,강순례,완도군 완도죽청리983,조미김,554-0631,11-274
369,완도군,수출유망,㈜홍익산업,최종홍,완도군 군외면 불목리 464,"톳, 미역",552-1955,11-277
370,완도군,기술유망,완도바다식품,이정업,완도군 완도읍 가용리 1088-15,"천연조미료,해조국수,장전복,톳젤리",553-8899,11-288
371,완도군,수출유망,금일광선영어   조합법인,김말선,완도군 금일읍 충동리,"미역귀,  다시마   ",553-9925,11-289
372,완도군,기술유망,㈜해신진미,민정국,완도군읍화흥리544-4,"김,미역멸치.조미김",554-6502,11-282
373,완도군,기술유망,㈜해림후코이단,이지효,완도군 완도읍 가용리 1088-14 ,후코이단,554-9515,11-283
374,완도군,지역특화,㈜향아식품,김월성,완도군 완도읍 가용리 1092-5,미역,552-8989,11-278
375,완도군,지역특화,㈜청해진수산,이인환,완도군완도읍대야리,조미김류,554-6603,11-275
376,완도군,기술유망,대진식품,오종대,완도군 완도읍 군내리 1237-6,조미김,554-5277,11-284
377,완도군,기술유망,대라식품,김규수,완도군 완도읍 가용리 1030,조미김,554-6566,11-285
378,완도군,기술유망,(주)청해레미콘,박병호,완도군 완도읍 대신리 1084-13,레미콘,552-1144,11-281
379,완도군,지역특화,㈜흥일식품,김도환,완도군완도읍가용리1087-9,"조미김,해산물가공",5548784,11-286
380,완도군,수출유망,한들수산,서순필,완도군 완도읍 죽청리 990,"마른김,김밥김",555-1959,11-280
381,완도군,지역특화,(주)바다미소,천화성,완도군 완도읍 가용리 1087-10,조미김,554-6020,11-273
382,완도군,지역특화,㈜세영산업,김주효,완도군 완도읍가용리,찐톳.건미역,555-0294,11-276
383,완도군,기술유망,동주씨테크㈜,이용철,완도군 완도읍 가용리 1086-6,개량부자 전복양식자재,554-6690,12-63
384,진도군,수출유망,대대로영농조합법인,김애란,진도군 군내면 명량대첩로 288-23,홍주,542-3399,11-290
385,진도군,지역특화,진도정미소영농조합법인,이운갑,진도군 의신면 돈지리 144,"흑미, 기타유색미",544-3459,12-64
386,신안군,기술유망,㈜영진그린식품,호병용, 신안군 지도읍 두류산길 91-41,"천일염
기타 가공염",275-2330,11-291
